epoch,categorical_accuracy,loss,val_categorical_accuracy,val_loss
0,0.56392574,0.3211675049929783,0.40848807,0.3241553357962904
1,0.5862069,0.31372025814549676,0.40583554,0.33385242264846277
2,0.5803714,0.3085162544044955,0.5039788,0.3141848188022087
3,0.6270557,0.30488412482985133,0.49867374,0.3155185097250445
4,0.62175065,0.30179385347612975,0.59416443,0.30021281129327315
5,0.6302387,0.29797161838103986,0.66313,0.28705047482046586
6,0.63448274,0.29248602852739136,0.6100796,0.28753323698865957
7,0.6392573,0.2919493751279239,0.64190984,0.28273524806417266
8,0.6413793,0.29144117246414053,0.6259947,0.2896921711749044
9,0.64350134,0.28813421654290167,0.67639256,0.2831725164734084
10,0.66259944,0.28262773577509254,0.6366048,0.275452079444096
11,0.6615385,0.2803676247596741,0.50928384,0.30126073956489563
12,0.659947,0.2836162704845955,0.6366048,0.2727143769634181
13,0.67267907,0.27589592111521755,0.602122,0.28940187959835445
14,0.68381965,0.27422328611900065,0.6816976,0.2517331648489525
15,0.6758621,0.2771296257602757,0.7241379,0.2514404392447965
16,0.6615385,0.2730298531466517,0.7055703,0.2519868694502732
17,0.67002654,0.27000662766653916,0.64721483,0.2702487712276393
18,0.6848806,0.2688473697366386,0.66047746,0.2561093358130291
19,0.6816976,0.27059335955258074,0.58885944,0.2786522410039244
20,0.69496024,0.26263330136907515,0.71352786,0.30490848550508765
21,0.7066313,0.26095411386983147,0.6100796,0.27698110403685733
22,0.7050398,0.2584943201007514,0.7188329,0.2406259877928372
23,0.70079577,0.26318009624193456,0.72148544,0.24284584871653853
24,0.70450926,0.2595831437357541,0.7267904,0.2396589589530024
25,0.71564984,0.25572533360843,0.6790451,0.2471024787117695
26,0.7087533,0.2573698998525225,0.7612732,0.24760056209975276
27,0.72732097,0.25303215009385144,0.69496024,0.24015903421517076
28,0.732626,0.24331396972310954,0.68435013,0.2518146742006828
29,0.7299735,0.24647405574034,0.77453583,0.23130374478882756
30,0.72572947,0.24648101704901662,0.734748,0.24727745559708825
31,0.7299735,0.24245288659786357,0.71087533,0.23438279895946898
32,0.7236074,0.24451541602611543,0.56498677,0.30877887277767574
33,0.730504,0.23997954387089301,0.70291775,0.2475954134916437
34,0.7411141,0.24300193272787948,0.73740053,0.22701947391033173
35,0.72625995,0.2447244512623754,0.76657826,0.22578109980657182
36,0.733687,0.23864084281798068,0.795756,0.214690618473908
37,0.7469496,0.23233639207379572,0.7161804,0.2250813045378389
38,0.7490716,0.23231005560735177,0.6816976,0.24809687970013455
39,0.7570292,0.2299667736579632,0.7267904,0.22120134583834944
40,0.75278515,0.2303188745831621,0.5835544,0.3130261106737729
41,0.76498675,0.22680781329500263,0.7692308,0.21020128963322476
42,0.7628647,0.2319397257319812,0.64721483,0.26019234749777564
43,0.7612732,0.2226539010631627,0.7798408,0.21211141296501818
44,0.76551723,0.22533387829517496,0.63129973,0.2617509912314086
45,0.76498675,0.22985327290049914,0.7692308,0.21784642261677775
46,0.76551723,0.22415840291771397,0.75596815,0.22126490828292122
47,0.7618037,0.22664754267396597,0.72944295,0.22260551154613495
48,0.7618037,0.22771356110942775,0.72148544,0.22036947823804
49,0.76498675,0.22550453857101244,0.6976127,0.2240690272943727
50,0.76816976,0.22707944111577397,0.68700266,0.23463573692173795
51,0.76816976,0.22272316988172203,0.7877984,0.21159743980087084
52,0.77931035,0.21833794779818633,0.68435013,0.2364943572159471
53,0.76976126,0.22247785812821883,0.795756,0.22497617941478204
54,0.7623342,0.22211333405354927,0.7506631,0.22555404079371486
55,0.78037137,0.2156468423276112,0.7798408,0.2190578243341939
56,0.78090185,0.2134219638232527,0.7718833,0.21517619233706903
57,0.7729443,0.21458343395899082,0.734748,0.2206280354795785
58,0.77135277,0.22221008847499715,0.68700266,0.23521300533722186
59,0.77612734,0.21384274687232643,0.70291775,0.236927664485471
60,0.76976126,0.2202908665455621,0.72148544,0.2391937025662126
61,0.7883289,0.20813975452349104,0.76392573,0.2125888836794886
62,0.7814324,0.21214984167238762,0.7533156,0.21514976615535802
63,0.7846154,0.21135697847810284,0.7427056,0.22375193058416762
64,0.77931035,0.21174110975758784,0.74005306,0.214589799272603
65,0.77453583,0.21403725722740435,0.7453581,0.21178059331301985
66,0.7692308,0.21430601857859513,0.795756,0.23156803589442682
67,0.79469496,0.20754158327291752,0.77453583,0.23810538495409078
68,0.7798408,0.2135205235460709,0.74801064,0.21438641897563276
69,0.79363394,0.20042510238187067,0.7692308,0.20913994235211406
70,0.7782493,0.2145086862403771,0.78249335,0.20741705904746877
71,0.7883289,0.20351696970133945,0.7692308,0.21184961009642173
72,0.7771883,0.20800872825343034,0.7798408,0.2171885111722453
73,0.79787797,0.20512708631055107,0.7188329,0.2279466467684713
74,0.79310346,0.20489339746277907,0.72148544,0.2233810142196458
75,0.7973475,0.1997080258254347,0.7877984,0.20568546986785427
76,0.79628646,0.20303050500565561,0.79045093,0.20626172680279303
77,0.798939,0.2011822290461639,0.7506631,0.21762764582346225
78,0.79151195,0.20510440062859964,0.7082228,0.2297378197826188
79,0.79045093,0.20452142496561182,0.75596815,0.20479859463099775
80,0.8037135,0.1973432877711181,0.795756,0.2060098391154717
81,0.80689657,0.19385030076935372,0.79310346,0.20865305307610282
82,0.79310346,0.20528262314097634,0.7877984,0.19840891505109853
83,0.802122,0.19620609658545463,0.78249335,0.1972988887593664
84,0.8095491,0.1966957589161807,0.80106103,0.20953670118389459
85,0.798939,0.19847615690066897,0.73740053,0.21251903525714216
86,0.79522544,0.19820495160489246,0.7984085,0.20350835523728666
87,0.79787797,0.19930144129642124,0.64456236,0.2859120132594273
88,0.8015915,0.1957029011742822,0.7692308,0.19919272512197495
89,0.80901855,0.19793559076457187,0.7851459,0.2124471950890689
90,0.8015915,0.19694988203459773,0.7984085,0.20036852385463386
91,0.8047745,0.1952506676573178,0.7984085,0.2003096604141696
92,0.80530506,0.19772369645792862,0.79045093,0.20468629369961805
93,0.8037135,0.19502911367293063,0.7877984,0.1946884686576909
94,0.8005305,0.1920808543932849,0.78249335,0.2043547959163271
95,0.8190981,0.18518905418700185,0.7082228,0.2399441211901862
96,0.8143236,0.19267124477131614,0.73740053,0.21297171095321918
97,0.8100796,0.19153188364259127,0.7506631,0.2014917492352683
98,0.8143236,0.19032101045394767,0.7533156,0.20268179913019313
99,0.80795753,0.18894830060930087,0.76392573,0.2125692403522031
100,0.81962866,0.1868439221176608,0.806366,0.20540490284048277
101,0.8148541,0.1886910592687541,0.79310346,0.19968037512795678
102,0.80530506,0.19018560647964478,0.77453583,0.202756833156635
103,0.8111406,0.18939722465543912,0.8143236,0.2055575398021731
104,0.8095491,0.19603408708654602,0.7984085,0.20099061778907118
105,0.82015914,0.18402364932257553,0.79310346,0.21274444666402093
106,0.8122016,0.18510969168153302,0.80106103,0.1897151295481057
107,0.80265254,0.19108282641090196,0.76657826,0.21070910193796816
108,0.8222812,0.18446679020236278,0.7718833,0.2147464264055778
109,0.8206897,0.18246592442537177,0.8143236,0.21029248037214937
110,0.80901855,0.18918769308205308,0.81962866,0.20920139294246148
111,0.82175064,0.17981145602875742,0.7771883,0.2415513838159627
112,0.8233422,0.18281566140980557,0.77453583,0.2093631735649602
113,0.8127321,0.18749337635677435,0.7877984,0.22319315759272412
114,0.82440317,0.1856153283139755,0.7877984,0.19380189683930626
115,0.82175064,0.18544644772492605,0.74005306,0.21309020601469894
116,0.82440317,0.17863578184925277,0.72148544,0.22977220806582221
117,0.8137931,0.18026864199802795,0.7851459,0.2176003564020683
118,0.81697613,0.17813418623188446,0.79045093,0.1983262719265346
119,0.8312997,0.175874365583576,0.80901855,0.21587660163640976
120,0.8222812,0.18895179953040747,0.81962866,0.1959120199598115
121,0.82175064,0.18045961877395367,0.734748,0.2119957365352532
122,0.8366048,0.17497113776104203,0.80901855,0.1970669992011169
123,0.8259947,0.1763960306757483,0.7533156,0.21210028744977097
124,0.8376658,0.17243936966205464,0.66843504,0.2730732637232748
125,0.83395225,0.1749502055346966,0.7055703,0.24204536707236848
126,0.8122016,0.18811831327861753,0.80901855,0.19073728780294286
127,0.82758623,0.18133561061374073,0.734748,0.19274516455058394
128,0.8095491,0.1856150159548069,0.8143236,0.21620232072369805
129,0.8286472,0.17617525340154253,0.7612732,0.21198158274436818
130,0.81644565,0.1813812468586297,0.80901855,0.20380195538545476
131,0.8127321,0.18571054986838637,0.7055703,0.24089134099154635
132,0.8259947,0.1728875244485921,0.80901855,0.18641659283432468
133,0.8265252,0.17233746822538046,0.7851459,0.25552010382043905
134,0.82440317,0.17623063292482805,0.7692308,0.19808534455710444
135,0.83342177,0.17264805682774248,0.71087533,0.22562009687053747
136,0.8392573,0.1722664214670658,0.7771883,0.1916547140170788
137,0.8419098,0.16865584786082136,0.77453583,0.2083149228630395
138,0.83342177,0.1699449198256279,0.8143236,0.24356435643958635
139,0.8312997,0.17123259848047948,0.7877984,0.19860477488616418
140,0.82917774,0.17517491239925911,0.7612732,0.21996484195877766
141,0.8297082,0.16941655373265002,0.8116711,0.19143121175724884
142,0.8249337,0.1756744562551893,0.76657826,0.19820847901804695
143,0.82758623,0.17093317267195932,0.70291775,0.2332511451737634
144,0.8498674,0.159048544024599,0.76657826,0.21657088270475125
145,0.83236074,0.18155282178315624,0.7692308,0.20241705379609404
146,0.8424403,0.1608510122730814,0.7586207,0.20802311522179637
147,0.82917774,0.1757763612373122,0.7612732,0.20340001197724505
148,0.83183026,0.17471458953002403,0.8116711,0.18888707998497734
149,0.82281166,0.1772971584879119,0.79045093,0.1952858353997099
150,0.8419098,0.16499910678329138,0.81697613,0.1979469184217782
151,0.8376658,0.16830435580220715,0.7692308,0.2141204877146359
152,0.8413793,0.1612135545446955,0.7771883,0.19855699456971268
153,0.8360743,0.16798151055800503,0.7427056,0.2246297186818616
154,0.8350133,0.16653996695732248,0.67639256,0.28544493944480503
155,0.83554375,0.1682319992061319,0.6923077,0.25368693856329755
156,0.8366048,0.17229213578433827,0.77453583,0.19746526561934372
157,0.84509283,0.16707088921604485,0.806366,0.19766062138409451
158,0.8403183,0.1675737570842792,0.734748,0.22209573228811397
159,0.84933686,0.16618607673665572,0.72148544,0.22032611996963106
160,0.83236074,0.16938853004369242,0.8249337,0.18254360376760878
161,0.84774536,0.16549232566151126,0.806366,0.24568868582618647
162,0.8419098,0.16489801481366156,0.71087533,0.23716297077721563
163,0.8328912,0.16794662830130808,0.7533156,0.20857267839641408
164,0.82758623,0.17516856447889886,0.77453583,0.19862123784320107
165,0.83713526,0.17194993560170305,0.80901855,0.19513724821394887
166,0.8578249,0.1595977319982545,0.8381963,0.20322559504159565
167,0.84933686,0.15874069893154605,0.795756,0.1968510577390934
168,0.8397878,0.16674757476510674,0.795756,0.20322664094896153
169,0.8350133,0.16551818033230717,0.8143236,0.2244644022450365
170,0.84668434,0.1616002763396707,0.7718833,0.20420793276922455
171,0.83554375,0.17073625418646582,0.7533156,0.2068727568819605
172,0.8419098,0.1617121346808713,0.71087533,0.2646724255434398
173,0.84668434,0.1578613992395072,0.78249335,0.2093908635192904
174,0.84668434,0.16229211772824156,0.7506631,0.2155893478414108
175,0.8546419,0.1532336584966758,0.81962866,0.17957911422026568
176,0.84615386,0.16097286392388674,0.7771883,0.21045212216418366
177,0.8419098,0.1640017319085269,0.7877984,0.20593747085538402
178,0.85994697,0.1526622676129999,0.7771883,0.22062323447959176
179,0.8344827,0.1652574682287101,0.7851459,0.19231911209122887
180,0.8488064,0.162764934373313,0.7586207,0.1967341696907734
181,0.85092837,0.16076378809480832,0.6976127,0.27933141589164734
182,0.86366045,0.1488589589195005,0.8116711,0.194828727635844
183,0.8488064,0.15465974833430915,0.7506631,0.22259522383583003
184,0.86047745,0.14512461164388163,0.79045093,0.3185124500044461
185,0.84297085,0.16791657137459723,0.80901855,0.19775234072886663
186,0.8397878,0.16340057343758385,0.6976127,0.2668704269775029
187,0.8424403,0.1564613553984412,0.73740053,0.24329154270476308
188,0.8498674,0.15239913633157467,0.8143236,0.22665816417028165
189,0.85835546,0.15260028083776606,0.7718833,0.20077804193414492
190,0.8312997,0.1659271497407864,0.82758623,0.1969649263753973
191,0.8435013,0.16009993997627292,0.74801064,0.21565057440050717
192,0.85835546,0.15207844792768874,0.7188329,0.23105350701973357
193,0.8413793,0.1575297810651105,0.8222812,0.19215720917644172
194,0.84827584,0.15177303390770122,0.7453581,0.22215508181473304
195,0.8625995,0.14754446286322742,0.7877984,0.20292181547345786
196,0.85729444,0.1580080972791746,0.80106103,0.20480877392250915
197,0.8647215,0.14459463847351486,0.806366,0.1954239976817164
198,0.85835546,0.1490771786149206,0.8249337,0.21406878736512414
199,0.84774536,0.1523790823103025,0.75596815,0.22652812353495894
0,0.59045094,0.3225329666302122,0.38196287,0.3292305716152849
1,0.5883289,0.3146546604304478,0.3846154,0.3260458707809448
2,0.6015915,0.3065942265864076,0.50928384,0.32298586800180634
3,0.6100796,0.2989940874535462,0.45358092,0.3194741216199151
4,0.6111406,0.2973470994110765,0.56233424,0.3028764097855009
5,0.6350133,0.2909362899846044,0.59416443,0.29320057404452354
6,0.61962867,0.2957278146825988,0.64986736,0.2895104993006279
7,0.6408488,0.28513722481398746,0.68700266,0.2873838523338581
8,0.6381963,0.2885740013985798,0.6790451,0.28188618144084665
9,0.6493369,0.28588678148286095,0.65782493,0.28386430493716536
10,0.65888596,0.28118041096062496,0.66047746,0.27730368540204803
11,0.6541114,0.2859022861924665,0.66313,0.2721472793611987
12,0.6546419,0.2846063068200802,0.64721483,0.2810324538370659
13,0.64721483,0.28186267193021447,0.62334216,0.2767837766943307
14,0.65782493,0.28255339470402946,0.67374,0.28161790761454353
15,0.6567639,0.27284769364472095,0.62334216,0.29549807104571113
16,0.66100794,0.278971525410126,0.6976127,0.27424564597935513
17,0.68594164,0.27209446491866274,0.70291775,0.2664756985573933
18,0.6801061,0.26912843471971054,0.56233424,0.31003150909111415
19,0.67374,0.2693735200783302,0.66843504,0.2717920495518323
20,0.67320955,0.2665398903961839,0.67374,0.2747757080300101
21,0.67161804,0.26903354710546035,0.6976127,0.25627351886239547
22,0.66366047,0.2696626846132607,0.72148544,0.264015743958539
23,0.68700266,0.2615419247027101,0.67374,0.259194339657652
24,0.68594164,0.26318750494513016,0.6286472,0.28169074705962477
25,0.69814324,0.25847854788961083,0.734748,0.2597019425753889
26,0.71193635,0.2552767947830003,0.67374,0.2749222532428544
27,0.69973475,0.25883656945721856,0.64456236,0.26932638369757556
28,0.7055703,0.25797019302845003,0.63395226,0.2628662858543725
29,0.6976127,0.2544362126753248,0.7188329,0.2512518696743867
30,0.71564984,0.25071575693015397,0.7161804,0.2456659890454391
31,0.71352786,0.25131711929008876,0.72148544,0.24847433741750388
32,0.71352786,0.2514756703171237,0.7320955,0.24347624131317797
33,0.7172414,0.24566802413299166,0.73740053,0.2441076703112701
34,0.72572947,0.24446583847547398,0.74005306,0.24345650087142812
35,0.73687005,0.2443484049418877,0.7082228,0.2501452709066457
36,0.7236074,0.24468792163092515,0.7002652,0.2515712961040694
37,0.7458886,0.2362503333852209,0.66047746,0.26310821031701975
38,0.7427056,0.23872241701545385,0.7506631,0.26098084269926464
39,0.7427056,0.24051758174238533,0.7453581,0.23631939600253926
40,0.74323606,0.2347321157311571,0.7188329,0.23860689072773375
41,0.7453581,0.23273204554771554,0.7188329,0.2429972992374979
42,0.74005306,0.237608887614875,0.73740053,0.24032964865709172
43,0.75437665,0.2338140390042601,0.734748,0.2442698185813838
44,0.75278515,0.23341937517297678,0.7586207,0.22691372191083842
45,0.74217504,0.23468632112289298,0.62068963,0.27130796734629004
46,0.75437665,0.22805572367947677,0.7586207,0.2280693051630053
47,0.7501326,0.22941433181022775,0.7453581,0.22750379530520276
48,0.74801064,0.22875905350364487,0.7851459,0.2212013453245163
49,0.7580902,0.22864201418284713,0.74005306,0.23983881853777786
50,0.77453583,0.22037327849659427,0.71087533,0.2482546948153397
51,0.7533156,0.2284978186262065,0.7453581,0.23192760708003207
52,0.7782493,0.22025971643883607,0.75596815,0.24813631870623293
53,0.7591512,0.22273794921307727,0.76657826,0.2412046761862163
54,0.7702918,0.21821384717678202,0.79310346,0.22153259967935496
55,0.7623342,0.2257235661149025,0.76657826,0.23084738516602024
56,0.7740053,0.21512155219398696,0.7771883,0.22402669592150326
57,0.7618037,0.22664013756760235,0.6790451,0.2559379919849593
58,0.75384617,0.2254789806645492,0.7851459,0.22139369311003848
59,0.76870024,0.22139028346744077,0.7267904,0.23228833182104702
60,0.76816976,0.22088871659903692,0.76392573,0.22791867985807615
61,0.7750663,0.21715908667136882,0.7798408,0.22404868027259564
62,0.7607427,0.22316851261360893,0.7877984,0.22553896852608385
63,0.7734748,0.2118236432301587,0.7533156,0.25740186150731714
64,0.7702918,0.22318234854731067,0.77453583,0.22543362887768909
65,0.7830239,0.20880569538165783,0.78249335,0.21516176801303338
66,0.76551723,0.22249791652991854,0.76392573,0.22444269883221593
67,0.7771883,0.21079685312920604,0.7718833,0.23155399180691819
68,0.7692308,0.21489588027370388,0.76657826,0.24288431246732844
69,0.7872679,0.21051321451006264,0.8037135,0.2145072170372667
70,0.7702918,0.21541073638303526,0.7771883,0.22267605878155808
71,0.7835544,0.21166320602441657,0.8143236,0.22051412612199783
72,0.7973475,0.2040532303781345,0.72148544,0.23593282905118218
73,0.77931035,0.21392108438343838,0.74005306,0.23769416454537162
74,0.7925729,0.20628653610574788,0.7798408,0.22077575839799027
75,0.7888594,0.20928185484532652,0.6923077,0.27230939988432257
76,0.7830239,0.20922056755115245,0.7692308,0.2159766094951794
77,0.795756,0.2044079168603338,0.8116711,0.2142746725986744
78,0.8005305,0.20222680476205102,0.7692308,0.21530675708219923
79,0.79045093,0.20693580672658723,0.74801064,0.21940228959609723
80,0.79204243,0.2085799252164775,0.80106103,0.22236633069556336
81,0.7973475,0.20731853565265393,0.79310346,0.2200211450971406
82,0.77453583,0.20926122028252175,0.806366,0.22261816905490284
83,0.7909814,0.20537581762363172,0.77453583,0.21616758097862376
84,0.7851459,0.2099266131376398,0.7851459,0.22024195666970878
85,0.80530506,0.20152193749773092,0.7612732,0.22128075952159948
86,0.78992045,0.1975347517379399,0.806366,0.22157225321079121
87,0.8175066,0.18825792331120064,0.80901855,0.1989377860365243
88,0.795756,0.19811464383684355,0.80106103,0.20923171937465668
89,0.7994695,0.19678712800658982,0.77453583,0.2134763148838076
90,0.798939,0.20193592037620214,0.74005306,0.22271204559967436
91,0.81061006,0.19709316582001488,0.806366,0.2118810649062025
92,0.81644565,0.19018168012643683,0.7612732,0.22731285002724877
93,0.7893899,0.20445074392803783,0.80106103,0.22277462867827252
94,0.80424404,0.19600739396851638,0.7851459,0.2188816836168026
95,0.8005305,0.20129037566226105,0.78249335,0.22297695870029516
96,0.8127321,0.1941104364292375,0.77453583,0.2102207014786786
97,0.79628646,0.20061240463421262,0.75596815,0.22059438300543818
98,0.80901855,0.19396172335435605,0.7586207,0.21507326051078993
99,0.7888594,0.19885891424170857,0.7851459,0.20668821268040558
100,0.806366,0.19446664935555952,0.80106103,0.22339218418146
101,0.798939,0.19788640824885204,0.80106103,0.2025351352218924
102,0.79787797,0.19911018293993227,0.7851459,0.2158991540300435
103,0.795756,0.19345435315165027,0.806366,0.21699967415168367
104,0.82015914,0.19103924755392404,0.8143236,0.22206776512080226
105,0.80424404,0.19591015109728122,0.81962866,0.2115731272718002
106,0.8116711,0.18914331007620383,0.7453581,0.22517491106329293
107,0.8,0.19551373745860726,0.795756,0.20545237511396408
108,0.8100796,0.19071139909070114,0.7612732,0.22590124401552925
109,0.8084881,0.19002390503883362,0.79045093,0.22858805183706613
110,0.8005305,0.19627570124535726,0.8222812,0.22123236825753903
111,0.8111406,0.1900792025286576,0.8408488,0.1982530191026885
112,0.8159151,0.18728879962501854,0.7612732,0.21656064586392765
113,0.8238727,0.18435549047486535,0.79045093,0.2076098091643432
114,0.81856763,0.19144047781311233,0.7771883,0.22114608115677176
115,0.8153846,0.18844092100344856,0.7771883,0.24389727041125298
116,0.80795753,0.19147652862914677,0.81962866,0.21481845103975
117,0.798939,0.1937604983305109,0.7586207,0.213100240148347
118,0.81697613,0.18546736358568586,0.7586207,0.23377285589431895
119,0.81803715,0.18342109713061103,0.80106103,0.21479924973742714
120,0.806366,0.18923920084690227,0.795756,0.2074440006038238
121,0.8084881,0.19178917282100383,0.8116711,0.20556732806666145
122,0.8265252,0.1763644878720415,0.80106103,0.19427991067541056
123,0.8116711,0.18735478810709097,0.79045093,0.22025164653514995
124,0.8127321,0.18449827902789773,0.79045093,0.23490955372308864
125,0.8116711,0.1811939891299297,0.80106103,0.21281048064601832
126,0.8116711,0.1874389531283543,0.806366,0.19269566944447056
127,0.81697613,0.1826423209032108,0.79045093,0.22256413641674766
128,0.8222812,0.17751430899932466,0.80106103,0.22133229415992212
129,0.82175064,0.18110914384496624,0.79310346,0.21113134021389074
130,0.8148541,0.18177871316157537,0.80106103,0.20741379543625074
131,0.8233422,0.181819797898161,0.8116711,0.20536888596312752
132,0.8222812,0.18214497812863054,0.74801064,0.2247909888111312
133,0.8137931,0.18391161483937296,0.7798408,0.20840741180140396
134,0.81803715,0.1837940285688844,0.806366,0.19639991570649476
135,0.8270557,0.18080862339200646,0.7877984,0.22903813447417884
136,0.8122016,0.17981968999936662,0.7586207,0.21235652396391178
137,0.8190981,0.1720138573441012,0.8249337,0.18550645495797025
138,0.8366048,0.17538216319577446,0.81962866,0.2113710418343544
139,0.81856763,0.1856653879428732,0.80106103,0.20523099806802025
140,0.8233422,0.17724558847217725,0.806366,0.21922573935368966
141,0.8286472,0.17473252926921023,0.8116711,0.19833616783906674
142,0.83183026,0.1768034306322706,0.7851459,0.2325501336619772
143,0.8350133,0.17273771380042208,0.79310346,0.20358693252863555
144,0.83713526,0.1709011739441033,0.7851459,0.2678791120134551
145,0.83183026,0.17583888473695722,0.76392573,0.22658611500057682
146,0.82440317,0.17626768905540993,0.7851459,0.22095011328828745
147,0.8238727,0.17931799415884347,0.8116711,0.20276705149946542
148,0.81962866,0.18050591105531003,0.795756,0.19513365908943373
149,0.8302387,0.1777620076876262,0.82758623,0.22158397554323592
150,0.8360743,0.17361407344197405,0.7692308,0.22529301124400106
151,0.83076924,0.1744684252374131,0.81697613,0.2045415754205194
152,0.8328912,0.16982201646114217,0.79045093,0.22739245177342973
153,0.8350133,0.17037674422407972,0.80901855,0.19165193751968188
154,0.82440317,0.173412511420661,0.80901855,0.21391268061666652
155,0.83395225,0.17232206941678607,0.79310346,0.20242964810338512
156,0.8127321,0.18194935514495292,0.7984085,0.2102589725420393
157,0.8265252,0.18089919393432552,0.8037135,0.2118558552244614
158,0.8238727,0.1755677161031756,0.8116711,0.21350869806162243
159,0.8344827,0.17189096895785166,0.8143236,0.19861616708081345
160,0.83076924,0.17335540130734445,0.7718833,0.22824953213847918
161,0.83342177,0.1739683069031814,0.8249337,0.1960517604803217
162,0.8270557,0.17466766595326622,0.7798408,0.21801363085878306
163,0.82440317,0.1695291987780867,0.81962866,0.22346670398938245
164,0.83183026,0.16956150547183793,0.7877984,0.20933477323630761
165,0.8413793,0.16494521722197533,0.81697613,0.21060778817226147
166,0.8408488,0.1675223306335252,0.8381963,0.20203428201634308
167,0.8387268,0.16633177471571955,0.795756,0.2239828294721143
168,0.83713526,0.1683563376038239,0.80901855,0.191029729771203
169,0.8387268,0.16915618538342672,0.8116711,0.19363826217836347
170,0.83713526,0.16613896083215188,0.74005306,0.23980625898673616
171,0.8456233,0.1637636423110962,0.7851459,0.2836618961702133
172,0.8376658,0.1648168572577937,0.71352786,0.2499367697485562
173,0.8366048,0.16621077859710004,0.8116711,0.2349062086693172
174,0.8381963,0.16993982797038967,0.7692308,0.21633442182993068
175,0.8297082,0.17067766279495997,0.80901855,0.20694977648813148
176,0.8302387,0.16926558947768705,0.7877984,0.23058954960313335
177,0.8456233,0.16147376411947711,0.81962866,0.2353503323834518
178,0.8387268,0.15999843881561837,0.79310346,0.20791943808054103
179,0.8472149,0.1602093201259087,0.79045093,0.20737044487533898
180,0.8472149,0.16669920659784612,0.8222812,0.1978666060443582
181,0.83183026,0.16499020742445156,0.795756,0.2096925881402246
182,0.83554375,0.1626458126152384,0.806366,0.20512725464228926
183,0.8392573,0.1647067202833192,0.8037135,0.19487475937810436
184,0.8392573,0.16655889752096142,0.8116711,0.1968499324445067
185,0.83076924,0.16730150950366052,0.795756,0.20068738994927243
186,0.8435013,0.16515991297261468,0.80106103,0.18970712377079602
187,0.84615386,0.16301231805620522,0.78249335,0.2149273324115523
188,0.8254642,0.1675981932287586,0.79310346,0.22841393896218004
189,0.84509283,0.16309371803855074,0.8143236,0.19806180586074962
190,0.8456233,0.16428504719816406,0.8116711,0.2175516984586058
191,0.8503979,0.1586707254422122,0.80901855,0.2345462459428557
192,0.8456233,0.15591334127660456,0.806366,0.21165979602213564
193,0.8567639,0.15298967985757467,0.78249335,0.24493895060029522
194,0.8387268,0.16786897426535344,0.7798408,0.19231449876879825
195,0.84509283,0.15919145137585441,0.8037135,0.19111368715249258
196,0.8567639,0.15596372990001892,0.81697613,0.20008377062863317
197,0.8328912,0.16238482358126805,0.8249337,0.2444147729668124
198,0.8408488,0.1641342623480435,0.806366,0.1977039086150712
199,0.85251987,0.154301930218935,0.81697613,0.198470714020318
0,0.5872679,0.3239133744404234,0.47214854,0.3249901759213415
1,0.6068966,0.3178280087380574,0.41909814,0.32671715781606475
2,0.59310347,0.31820654714929647,0.47214854,0.32378165989086544
3,0.595756,0.3170423686504364,0.54376656,0.3178496741015336
4,0.61538464,0.311951714651338,0.4111406,0.3298910702097005
5,0.60742706,0.30757460933307124,0.5464191,0.31182802751146516
6,0.62970823,0.29957590822515817,0.46684352,0.3319537454637988
7,0.63395226,0.2974846788521471,0.59681696,0.28967548341586674
8,0.602122,0.3009039190308801,0.6392573,0.28476190721166544
9,0.63448274,0.29196457400404174,0.6286472,0.28256105451748287
10,0.6488064,0.29186905345012404,0.6259947,0.2855586502058753
11,0.6387268,0.28767075374208645,0.6816976,0.31637844546087857
12,0.6403183,0.28792261471008435,0.6551724,0.27495702535941685
13,0.65623343,0.28122079906792474,0.58090186,0.27959056455513526
14,0.6509284,0.28419166947233265,0.6816976,0.28038714466423825
15,0.6615385,0.27927645198230083,0.602122,0.28201559597048265
16,0.6710875,0.2776715648585352,0.6657825,0.2759094299941227
17,0.67002654,0.2782373212534806,0.6392573,0.274565286163626
18,0.67374,0.2804666160509504,0.6710875,0.27165869238047763
19,0.6657825,0.2769047827556215,0.6923077,0.30678389247121485
20,0.66206896,0.27198623614064577,0.6286472,0.26703219526800615
21,0.6848806,0.26874912874452,0.6896552,0.3486983113247773
22,0.67267907,0.27049634579954474,0.64190984,0.27025852429455727
23,0.6816976,0.2671772707125236,0.7082228,0.2879755389073799
24,0.6785146,0.27040380095613414,0.6392573,0.2985745416633014
25,0.68435013,0.2661051361725248,0.68700266,0.2608111860423252
26,0.68541116,0.26902999662119764,0.6551724,0.26534292821226446
27,0.69655174,0.26676925616017705,0.60742706,0.2716671094812196
28,0.6880637,0.26358723383525323,0.64721483,0.2634580361432043
29,0.6806366,0.26655826147260336,0.68435013,0.2588327866176079
30,0.6954907,0.2640577930828621,0.6790451,0.2571769680442481
31,0.70450926,0.25494514755133924,0.6657825,0.2625756561756134
32,0.7039788,0.2567708161370508,0.7453581,0.262807988401117
33,0.6976127,0.259181652397945,0.7453581,0.26054295280884054
34,0.7129974,0.25323402306129195,0.5994695,0.27958720614170207
35,0.7092838,0.25377299189567565,0.6790451,0.25780541886543407
36,0.71087533,0.25657600431606686,0.7188329,0.2513042138568286
37,0.71405834,0.2542039301888696,0.7241379,0.265939349758214
38,0.7241379,0.24941167749207596,0.6710875,0.25180266694775943
39,0.7145889,0.25152300997027033,0.7188329,0.2504603009799431
40,0.7204244,0.2506215054413368,0.68700266,0.25416284182976034
41,0.7225464,0.24857574855459147,0.7453581,0.25912521214320744
42,0.7320955,0.24875331598109213,0.6366048,0.25439842353607045
43,0.72732097,0.2430881207359248,0.7877984,0.2433388413026415
44,0.73103446,0.24393422315860616,0.7082228,0.2462722165831204
45,0.7363395,0.24547379530709365,0.7082228,0.2485587016261857
46,0.73103446,0.24567748421225055,0.7506631,0.23642405610660028
47,0.7395225,0.24116613638812098,0.7771883,0.23561802352296896
48,0.7442971,0.23827731301044597,0.74801064,0.24504827322631045
49,0.73687005,0.2371302747007074,0.74005306,0.23285776171190986
50,0.74801064,0.23466209543162378,0.71352786,0.3123460453132103
51,0.7453581,0.2376379026421185,0.6710875,0.25464550636965655
52,0.7474801,0.2356653311129274,0.7267904,0.24508647158228117
53,0.73846155,0.2331225015479943,0.6923077,0.25177907224359186
54,0.7591512,0.23251174189921084,0.74801064,0.2329091840776904
55,0.7453581,0.23403902649879454,0.7161804,0.23979000695820513
56,0.73740053,0.23143637976769743,0.7612732,0.2314605175934989
57,0.7602122,0.22873782361375875,0.7612732,0.24636414467260756
58,0.75225466,0.23047310339993443,0.7506631,0.28984322296134357
59,0.7607427,0.23061237222161787,0.68700266,0.24538840713172122
60,0.75755966,0.22719234197304167,0.7718833,0.2381384054134632
61,0.7628647,0.22716634720563889,0.7506631,0.23056801125921053
62,0.7549072,0.22396966830409806,0.72148544,0.22644715268036414
63,0.7580902,0.23181858530332303,0.7453581,0.22390553406600294
64,0.76870024,0.22230578198515136,0.67374,0.24609775070486398
65,0.7607427,0.22343763709068298,0.79310346,0.2514595841539317
66,0.7644562,0.22300763900937706,0.6816976,0.242181612499829
67,0.77453583,0.2173333053958827,0.7453581,0.23194440505627928
68,0.7729443,0.22344853600551343,0.7718833,0.22166109650299468
69,0.7676393,0.2194246249466107,0.80901855,0.23226999825444714
70,0.7755968,0.21930279336098968,0.7506631,0.22763797897717047
71,0.76710874,0.22302333054871396,0.6790451,0.2471432516287113
72,0.7771883,0.21476505321675332,0.76392573,0.22320083503065438
73,0.7724138,0.22462306536477186,0.7267904,0.23519479431982698
74,0.77771884,0.2157474842564813,0.7851459,0.2354083307858171
75,0.7660477,0.2210757133775744,0.72944295,0.235710759615076
76,0.7883289,0.20961073344123773,0.6896552,0.23312854253012558
77,0.77453583,0.2134383509899008,0.77453583,0.2210353011715001
78,0.7676393,0.2196760537809339,0.7533156,0.21960343574655466
79,0.7692308,0.2191097932642904,0.77453583,0.2445598051979624
80,0.77612734,0.21216043506203028,0.7771883,0.21662814812413578
81,0.7766578,0.2121715964942143,0.7002652,0.34259774510202734
82,0.77877986,0.20955490387719253,0.76657826,0.21860376848229046
83,0.76870024,0.20947826884943863,0.63395226,0.27165069405374853
84,0.77931035,0.21167877778924746,0.7586207,0.23428161853346333
85,0.7830239,0.20824098751462738,0.77453583,0.2209243175798449
86,0.7846154,0.20945700828371377,0.7612732,0.2979496938401255
87,0.77877986,0.21130070378040444,0.72944295,0.2404556138248279
88,0.7724138,0.2141727587272381,0.74801064,0.2363448682530173
89,0.7846154,0.20680776988637858,0.73740053,0.2276296392083168
90,0.7888594,0.2067944312403942,0.7851459,0.24008471621521588
91,0.7867374,0.2022039461752464,0.74801064,0.22460264995180326
92,0.795756,0.20787414050307768,0.77453583,0.21487681490593943
93,0.79522544,0.20211576732068226,0.7692308,0.22418257902408467
94,0.79310346,0.20463998389655147,0.76657826,0.23524068103268228
95,0.796817,0.20265558937500264,0.7692308,0.2564077318228524
96,0.7830239,0.20662823278328468,0.7161804,0.23713988322636176
97,0.7872679,0.20368380967913002,0.7267904,0.24262236418395206
98,0.79045093,0.19692135982472322,0.734748,0.2324072397474585
99,0.7877984,0.20889419455980432,0.7877984,0.21560809889744068
100,0.7856764,0.20341878476841696,0.8037135,0.21543608477403378
101,0.802122,0.198330118943905,0.7427056,0.2444315272672423
102,0.7984085,0.19760306307981754,0.7506631,0.23026479498065752
103,0.79628646,0.2043423593044281,0.7427056,0.2343776336517827
104,0.79469496,0.19719139712637868,0.79310346,0.24909922069516674
105,0.79628646,0.2003360650148885,0.7161804,0.22952692981424003
106,0.81061006,0.19248223227673564,0.76657826,0.21848051609664126
107,0.7925729,0.1997338937788174,0.80901855,0.21279748606270757
108,0.803183,0.20080439042428444,0.7320955,0.237351190427254
109,0.79787797,0.1952595762137709,0.79045093,0.2109969617991612
110,0.80424404,0.19561614173239675,0.6976127,0.241637305966739
111,0.8,0.1943711274142923,0.7692308,0.2092910678736095
112,0.7984085,0.19665572915611595,0.68700266,0.25328380434677517
113,0.7867374,0.20240757413979235,0.7241379,0.24310779648608175
114,0.803183,0.19305335732883422,0.78249335,0.23746363022204103
115,0.8047745,0.19236365829048485,0.7984085,0.2104383370485799
116,0.7994695,0.19575654283679764,0.78249335,0.20894015220732526
117,0.80689657,0.19153326153755187,0.7877984,0.2142595592243918
118,0.80583555,0.18972257786783678,0.76657826,0.2225779058604405
119,0.8153846,0.19150206605935918,0.7082228,0.24001377101602225
120,0.80689657,0.19409993712244364,0.76392573,0.21003691081343026
121,0.80742705,0.18688054567780987,0.734748,0.23006624574291296
122,0.806366,0.19484877288341523,0.7798408,0.220809033975519
123,0.8111406,0.18892583189339474,0.7453581,0.23831237775498423
124,0.7925729,0.19061453447773538,0.795756,0.22946922917818202
125,0.8175066,0.18522097226874581,0.806366,0.219777156823668
126,0.8015915,0.19407575618604134,0.7851459,0.216612183071416
127,0.81962866,0.19275138886838122,0.7320955,0.22849477108182578
128,0.80583555,0.19127323850989342,0.7877984,0.2166524421552132
129,0.80265254,0.18975215692972314,0.6790451,0.29470748968165494
130,0.8084881,0.1865313648663718,0.7506631,0.24081644929688553
131,0.8111406,0.18812654832827633,0.7851459,0.21453598783961658
132,0.81697613,0.18801548501540874,0.8143236,0.21411729526930842
133,0.8238727,0.18545697470163477,0.76657826,0.23177737896812373
134,0.8143236,0.18887262647521907,0.7533156,0.2363426667349092
135,0.8233422,0.18897380063246036,0.76392573,0.229595799384446
136,0.81061006,0.1926179706022657,0.7877984,0.22520784237261476
137,0.80689657,0.1887843227592008,0.78249335,0.2233790529185328
138,0.8153846,0.18447676766021498,0.7851459,0.21022637085667972
139,0.8265252,0.17575863265785677,0.79310346,0.2222027224970275
140,0.80689657,0.18807269704752955,0.80106103,0.22273023439378575
141,0.8127321,0.18767419164550717,0.7612732,0.2198237476163897
142,0.8084881,0.18649627674242547,0.7771883,0.20979454599577804
143,0.82122016,0.1757155101874779,0.79310346,0.20556737585314389
144,0.8222812,0.17742363425164387,0.7851459,0.21892406483148708
145,0.8132626,0.19114423399341518,0.795756,0.20265186989101872
146,0.80901855,0.18219440088703714,0.81697613,0.23728521553606824
147,0.8122016,0.18715232225327655,0.7718833,0.24790045644702582
148,0.8233422,0.17940980219121638,0.7851459,0.21558087498977266
149,0.83342177,0.17382959723472596,0.79310346,0.22101499885320663
150,0.82122016,0.18077301567998424,0.7984085,0.1998941705658518
151,0.8116711,0.18174534242214826,0.795756,0.21676409321612325
152,0.8387268,0.16866738588131708,0.7320955,0.2457602360639079
153,0.81803715,0.18367868250813976,0.78249335,0.20990407877954945
154,0.8265252,0.17788361665503732,0.79045093,0.24037490091447172
155,0.8312997,0.17738791670778703,0.79045093,0.2105737616275919
156,0.8265252,0.17428452881245776,0.8143236,0.20389390351443454
157,0.83076924,0.17246658429503442,0.76657826,0.21812331496641554
158,0.8366048,0.17076442578229412,0.7984085,0.2234877198934555
159,0.8297082,0.176061143160894,0.77453583,0.22852420961034708
160,0.8254642,0.1731328232278084,0.80901855,0.2111313134945672
161,0.8222812,0.1763210225464969,0.7851459,0.2317703877543581
162,0.8233422,0.17850845538336654,0.80106103,0.21022052022403684
163,0.8403183,0.1689900069401182,0.80901855,0.22093897312879562
164,0.83183026,0.1729474890848686,0.7692308,0.21724543180958977
165,0.8328912,0.17483386294595127,0.7692308,0.21912981389925398
166,0.82758623,0.16903180757473255,0.76657826,0.24108458413132305
167,0.8413793,0.16804538443684577,0.79045093,0.23547520398579794
168,0.82122016,0.17228657939824565,0.7533156,0.23171097810926108
169,0.8286472,0.17250510695679436,0.79310346,0.23920255090142117
170,0.8419098,0.1637939209825006,0.74005306,0.24376822031777481
171,0.8424403,0.16506838366903107,0.7612732,0.22478625229720411
172,0.83183026,0.17124951029645985,0.8037135,0.24698784664787096
173,0.8302387,0.17495397216287153,0.76657826,0.24250743795057822
174,0.8376658,0.16794289376201302,0.78249335,0.21977406200663796
175,0.84668434,0.16126501028393878,0.8302387,0.20339230525082555
176,0.83395225,0.16491633715300724,0.7771883,0.22814591383111887
177,0.8397878,0.16683233734862557,0.78249335,0.22707003098109674
178,0.8265252,0.17697562883640158,0.7692308,0.229872136537371
179,0.8413793,0.16877962158157908,0.80106103,0.2136666958445105
180,0.8408488,0.16901521138076125,0.7798408,0.21843746381586995
181,0.8381963,0.16954724226018478,0.7877984,0.2134680781384994
182,0.8259947,0.17116004698749246,0.7771883,0.25161127463496963
183,0.84297085,0.16472949139003096,0.76657826,0.2344045789334281
184,0.8403183,0.16246546807474105,0.7851459,0.21094523884099106
185,0.8419098,0.16418200299657623,0.77453583,0.22072361666580725
186,0.8419098,0.15960817763517643,0.8037135,0.2338703828382081
187,0.8387268,0.16767517348815655,0.8302387,0.20294010073974214
188,0.84933686,0.15753595672290902,0.7798408,0.28487384267922106
189,0.8440318,0.16448734595343983,0.79310346,0.2313345773466702
190,0.84774536,0.16214295263434278,0.7798408,0.2202892449909243
191,0.8403183,0.16505891495737537,0.75596815,0.22033553287900728
192,0.8403183,0.1597192279223738,0.78249335,0.19572333863069272
193,0.84827584,0.15884700605067714,0.76392573,0.23572210479399253
194,0.8440318,0.1606331251304725,0.80106103,0.23199758627291384
195,0.8397878,0.16747118851234172,0.7718833,0.21995270329302755
196,0.84509283,0.1504102501889755,0.74801064,0.23627560983957915
197,0.8419098,0.15753320360492015,0.806366,0.21456507233710126
198,0.8413793,0.1609243151956591,0.7533156,0.263766884803772
199,0.8503979,0.15648635574455919,0.7771883,0.21101474427971348
0,0.5819629,0.3252559185028076,0.63395226,0.32180369825198735
1,0.60901856,0.3207412231585075,0.5994695,0.31443962763095723
2,0.601061,0.3198812402527908,0.44562334,0.31952356161742373
3,0.5962865,0.3174416693120167,0.53580904,0.3118137912503604
4,0.598939,0.31499801627520857,0.5596817,0.30905042126260956
5,0.59151196,0.3126472956147687,0.67639256,0.3080379521024638
6,0.5925729,0.3098191286983161,0.67639256,0.3217834897082427
7,0.6228117,0.30380077310677234,0.62334216,0.30132343131920386
8,0.5819629,0.30535175964750094,0.46153846,0.32421905110622273
9,0.598939,0.30291489825166507,0.65782493,0.2832590752634509
10,0.6275862,0.2970998411548549,0.62068963,0.31666764103133105
11,0.62175065,0.2971468259548319,0.64190984,0.28951435510454504
12,0.6254642,0.2916897212636882,0.6366048,0.2943649173810564
13,0.6366048,0.2908142597510897,0.66047746,0.28011720550471336
14,0.64721483,0.28492718380073023,0.7055703,0.2869248888615904
15,0.6403183,0.2872892790827258,0.69496024,0.29832551140209723
16,0.6488064,0.28340257344574765,0.57824934,0.2936810527382226
17,0.6509284,0.28137652935652896,0.63129973,0.2835665350330287
18,0.65729445,0.27636589798434025,0.6551724,0.273333706732454
19,0.6583554,0.27701189322718256,0.6790451,0.27539675502941524
20,0.6806366,0.2706113936572239,0.6286472,0.28541954529696495
21,0.67798406,0.272278424686399,0.6976127,0.2639012634754181
22,0.6801061,0.26823658223809865,0.6127321,0.28235551612130527
23,0.6933687,0.26625087980566353,0.7453581,0.2818950604775856
24,0.68700266,0.2657711619960851,0.66047746,0.27385917973929436
25,0.6907162,0.2685263053096574,0.67374,0.27686414173964796
26,0.7082228,0.25502819912186986,0.7161804,0.2718707186908558
27,0.7066313,0.2569669066831983,0.6896552,0.26981996205346337
28,0.6986737,0.25541690618827423,0.5862069,0.30190514336372243
29,0.7039788,0.2554110238264347,0.7082228,0.2574092987282523
30,0.7061008,0.24992307835611804,0.67639256,0.2723189767064719
31,0.71564984,0.25253703861401,0.64721483,0.27469416219612647
32,0.72572947,0.24545299873269838,0.6657825,0.2746669583279511
33,0.7225464,0.2510141699478544,0.7055703,0.2634432629264634
34,0.7204244,0.24820902332149702,0.67374,0.26563394891804665
35,0.7411141,0.24544353793407309,0.7082228,0.2578769685893223
36,0.7289125,0.24895284155319478,0.6790451,0.25933786892685395
37,0.74005306,0.2386638744637884,0.72944295,0.2513596425796377
38,0.73687005,0.24282647664177007,0.6100796,0.2916459605611604
39,0.7299735,0.2401542682072212,0.734748,0.25781759671096144
40,0.734748,0.23981132558707532,0.7161804,0.24833035109371976
41,0.72944295,0.24071141625272816,0.67374,0.2527126947353626
42,0.7342175,0.23995582101673915,0.67374,0.25281589401179344
43,0.74482757,0.23641779751613223,0.7055703,0.2506095653977887
44,0.7289125,0.2374660714433111,0.6710875,0.2516384350842443
45,0.73846155,0.23449989495606258,0.7320955,0.25031014146475955
46,0.7464191,0.23448191007663463,0.74801064,0.24808122217655182
47,0.74005306,0.2303243090880328,0.7798408,0.2619403873024316
48,0.7517241,0.23074600809607013,0.7055703,0.25137248172842225
49,0.7628647,0.23009788332314327,0.7533156,0.24603819256198817
50,0.75755966,0.22592243125726436,0.734748,0.2576709736523957
51,0.7490716,0.23321476116262632,0.66843504,0.2566140103956749
52,0.7628647,0.22520479241321828,0.7427056,0.24337875765973124
53,0.75384617,0.23060881187175883,0.6790451,0.26136497870601455
54,0.7533156,0.2251068659383675,0.62068963,0.29509800055931357
55,0.7718833,0.2224996204006261,0.7586207,0.2641942426562309
56,0.7660477,0.2192651007195999,0.7427056,0.2499936449116674
57,0.7729443,0.2228527918971818,0.6923077,0.2558782714708098
58,0.7644562,0.2227405092839537,0.7612732,0.24565972927315483
59,0.7798408,0.21763166749271853,0.70291775,0.2540759274671818
60,0.77877986,0.21969484841001444,0.7506631,0.24754399934719348
61,0.7862069,0.2158834248267371,0.74801064,0.22581245801572142
62,0.7734748,0.22121534923027303,0.78249335,0.22984184864266166
63,0.7766578,0.21954055397674954,0.71087533,0.24868069075304886
64,0.7862069,0.21840016698015147,0.71087533,0.24464910092024966
65,0.7724138,0.21491828617350808,0.7267904,0.25309248859512395
66,0.7718833,0.21967013575907413,0.7188329,0.24986777583072925
67,0.77771884,0.21572158331501073,0.7188329,0.2678910031400878
68,0.7819629,0.2120696903816585,0.7320955,0.23724209594315496
69,0.7877984,0.2089688148477982,0.73740053,0.24024714657972598
70,0.7766578,0.21215082422412676,0.7161804,0.25489023096602537
71,0.7771883,0.21620165202124367,0.7427056,0.24425234594221773
72,0.7893899,0.20849154242153825,0.7453581,0.24673421038635845
73,0.79628646,0.2059276497826494,0.69496024,0.26218049433724633
74,0.7724138,0.21216349344829033,0.7320955,0.24143376920757623
75,0.7814324,0.2074723068753193,0.7241379,0.2408339869359444
76,0.7846154,0.20487725570284088,0.7506631,0.254353752423977
77,0.79151195,0.20736481377790714,0.72944295,0.23847463136089259
78,0.7798408,0.20787221928094995,0.71087533,0.25991669836743125
79,0.80424404,0.19933390463220663,0.7427056,0.24045867318737096
80,0.8047745,0.1959299740606341,0.76392573,0.23930360967742986
81,0.798939,0.20306052488499673,0.76392573,0.2718690063419013
82,0.79363394,0.1983184750737815,0.7506631,0.24951490220324746
83,0.795756,0.2047736495219428,0.74005306,0.24544696985133763
84,0.803183,0.19579720427763872,0.70291775,0.2710453937279767
85,0.8100796,0.19950415908262648,0.64190984,0.3026342561532711
86,0.796817,0.2016288007641661,0.795756,0.26756536934910147
87,0.8005305,0.19890313641778354,0.7612732,0.24687883412015849
88,0.80530506,0.1993115630643121,0.77453583,0.2419366553939622
89,0.7877984,0.20786353015694126,0.74005306,0.24387798072962924
90,0.8122016,0.19985399780602292,0.77453583,0.22290212866561165
91,0.7994695,0.19953940264109907,0.7453581,0.2414293671990263
92,0.8159151,0.1984681497360098,0.7267904,0.24264074759236698
93,0.8037135,0.19447785174024515,0.7082228,0.25804101958357056
94,0.796817,0.19863038551190804,0.78249335,0.2340013282052402
95,0.79522544,0.19461384035389998,0.7453581,0.23030643139419885
96,0.80901855,0.19403406386745387,0.7533156,0.23590027515230508
97,0.8005305,0.20138830835449284,0.7533156,0.23874641466757346
98,0.8153846,0.19185693176655932,0.7877984,0.22711490428653255
99,0.8132626,0.1894436019247976,0.7082228,0.26463028994099846
100,0.79787797,0.20063539049748716,0.71087533,0.24965272830991908
101,0.8148541,0.1887371446295031,0.7877984,0.2287838620872333
102,0.81061006,0.19181081837621228,0.69496024,0.26921782051694804
103,0.806366,0.18800620750106614,0.795756,0.2796338709263966
104,0.80689657,0.19450441424188944,0.7161804,0.24713033668953796
105,0.8015915,0.1958492039606489,0.7188329,0.25214436007984753
106,0.8190981,0.1822594809634932,0.6816976,0.27653357566430653
107,0.83183026,0.17966921437403252,0.77453583,0.22620134569447617
108,0.8132626,0.1886915480011496,0.7453581,0.24047108636847858
109,0.81962866,0.18427890302806066,0.7427056,0.23720557743619228
110,0.82175064,0.18525414621007855,0.73740053,0.24354433987675042
111,0.8159151,0.18194575196710125,0.7241379,0.26598817726661417
112,0.8259947,0.18418527872397983,0.7771883,0.24685661751648474
113,0.8015915,0.1938882975485818,0.7533156,0.2500695722370312
114,0.8175066,0.18544635636539294,0.7082228,0.2639364579628254
115,0.81644565,0.19020896487194916,0.76657826,0.23936173191358304
116,0.8297082,0.17877300199249696,0.7798408,0.2351355411369225
117,0.8312997,0.17786809853438673,0.7612732,0.2437638589020433
118,0.8190981,0.18507859362610454,0.7055703,0.24274522811174393
119,0.8122016,0.18636863051817334,0.7692308,0.23548325844879808
120,0.8238727,0.17951201940404957,0.7612732,0.27260103564837884
121,0.8265252,0.1815903822152779,0.7506631,0.24121515941003274
122,0.8153846,0.1828851289276419,0.7692308,0.2414475530385971
123,0.83342177,0.1793543030989581,0.7851459,0.25556912530085135
124,0.8143236,0.18424917480041242,0.7055703,0.26122635448801107
125,0.8281167,0.18253306725929525,0.6923077,0.265386420077291
126,0.8233422,0.17995449975132943,0.76392573,0.24886497469811603
127,0.8328912,0.18277081009642832,0.73740053,0.23555248333462353
128,0.82440317,0.17701177540524252,0.77453583,0.24892362181482644
129,0.82440317,0.1818117899113688,0.76657826,0.25148429169223224
130,0.8328912,0.17395242247088202,0.7427056,0.23937630011089917
131,0.8312997,0.1790126182652753,0.72944295,0.2708056720680204
132,0.82281166,0.1769208072845278,0.7161804,0.2727120916905074
133,0.83076924,0.1755875453352928,0.7188329,0.2596959875061594
134,0.82758623,0.17289068560148108,0.7506631,0.23925197458472744
135,0.82758623,0.17618133402590094,0.77453583,0.28600944090506125
136,0.8366048,0.1749726130530752,0.79045093,0.22298784142938152
137,0.82917774,0.17786301919098557,0.7718833,0.24207809644526448
138,0.8403183,0.1696487752014193,0.7798408,0.23226066498920836
139,0.81962866,0.17779193055526962,0.7241379,0.2537667574039821
140,0.8281167,0.17564165843971843,0.74005306,0.2715895765557371
141,0.8297082,0.17464683559434166,0.68700266,0.26851411163806915
142,0.8403183,0.17353096301185675,0.69496024,0.2852959807576804
143,0.8350133,0.1765115886541276,0.67374,0.28407137275769795
144,0.81962866,0.1827970554602557,0.77453583,0.2612966851427637
145,0.8270557,0.17578989429206685,0.74005306,0.2391008111680376
146,0.83342177,0.17177432873125734,0.75596815,0.24035093291052456
147,0.8387268,0.16924184748324855,0.6976127,0.2945680754451916
148,0.8286472,0.17553400633663968,0.7612732,0.2475082548014049
149,0.83713526,0.17293206180991796,0.78249335,0.22425814152791582
150,0.8408488,0.1669499070479952,0.71087533,0.2672133420048089
151,0.8297082,0.17110001932958077,0.7718833,0.2508154398408429
152,0.8366048,0.16989309482019524,0.7267904,0.2587260778607993
153,0.8413793,0.16417582083878846,0.7877984,0.23954683824859815
154,0.8519894,0.1639132999140641,0.7692308,0.23673803950178213
155,0.8360743,0.16768952325500291,0.79045093,0.2510010746532473
156,0.83236074,0.1745241435437367,0.7453581,0.24542387202382088
157,0.8440318,0.1665229796849448,0.7427056,0.24509323670946317
158,0.83554375,0.16782801138429806,0.76392573,0.2573492523154308
159,0.8397878,0.16716173442787138,0.7188329,0.27470952709173335
160,0.83713526,0.17064463157078316,0.7692308,0.2609500481650747
161,0.83183026,0.1720859392192857,0.68435013,0.3142030010449475
162,0.8312997,0.17479670700328104,0.7002652,0.27302726306791963
163,0.8381963,0.1640406965952495,0.78249335,0.24731339103189007
164,0.8381963,0.16878465890627484,0.7241379,0.2583963241556595
165,0.8488064,0.16433926593383838,0.76392573,0.25427371751645517
166,0.8419098,0.17038963532139514,0.76392573,0.27053966874192503
167,0.8419098,0.1616962023850145,0.7612732,0.2471424249996399
168,0.8381963,0.16525360675978248,0.77453583,0.2295229630223636
169,0.84668434,0.16293883064183695,0.7427056,0.2570115042657688
170,0.8403183,0.16723343115942232,0.7771883,0.23872756816703697
171,0.8376658,0.16414324443401962,0.7692308,0.24554331908965932
172,0.84774536,0.16603736343054937,0.7188329,0.2515292198493563
173,0.8514589,0.15941917148643525,0.7692308,0.2552440783073162
174,0.8312997,0.1717074791419095,0.7241379,0.2856736396407259
175,0.8503979,0.1557892144754015,0.7188329,0.27678171442500477
176,0.8488064,0.1568746975783644,0.77453583,0.2397286936897656
177,0.84933686,0.15651059952275506,0.77453583,0.25375651722324305
178,0.8413793,0.16710506547884693,0.7161804,0.2995083994906524
179,0.8498674,0.15743065133433917,0.76657826,0.24707669430765614
180,0.8594164,0.16049667298793793,0.7612732,0.2588152379311364
181,0.8435013,0.1644253708422184,0.7612732,0.26475707916864033
182,0.866313,0.15065895825110634,0.7851459,0.2394347856270856
183,0.85835546,0.15445497511275882,0.7453581,0.25436808451496323
184,0.84297085,0.16083042960742425,0.76657826,0.3021009972897069
185,0.8472149,0.16064963024751894,0.7612732,0.24768430842407818
186,0.84615386,0.1591713048517704,0.80106103,0.29084993230885475
187,0.8551724,0.15537276065041278,0.78249335,0.2507717414148923
188,0.84933686,0.15660896129135427,0.77453583,0.2739357889212411
189,0.8610079,0.15183051321013222,0.7771883,0.24937855298149175
190,0.8594164,0.1541142662537509,0.75596815,0.25523648513802166
191,0.84615386,0.16080116922485418,0.7267904,0.2788204753707195
192,0.8498674,0.16226240763890332,0.7851459,0.24553576856851578
193,0.8514589,0.15805914895287876,0.7851459,0.2300440096135797
194,0.85092837,0.14947026991124812,0.7612732,0.24811335087850175
195,0.8551724,0.1559731729585549,0.76392573,0.24994930213895336
196,0.84774536,0.15608813498040724,0.7771883,0.2431746379568659
197,0.8551724,0.15176578634257976,0.73740053,0.273264240088134
198,0.8578249,0.15216034130546555,0.7798408,0.2886654179671715
199,0.8344827,0.16307596810932817,0.7798408,0.25397882893167695
0,0.5681698,0.32517542869880284,0.6366048,0.32656983877050466
1,0.5962865,0.32110292603229657,0.59416443,0.3207187447054633
2,0.5729443,0.3169946575986928,0.403183,0.3433660207123592
3,0.5893899,0.3136312204188314,0.4376658,0.33751127534899217
4,0.5909814,0.3096973090336241,0.64721483,0.3070952594280243
5,0.61803716,0.30520076299535814,0.4907162,0.32135704776336405
6,0.6175066,0.2997029247982749,0.66843504,0.284212173572902
7,0.6259947,0.29956794658611563,0.62068963,0.29826007012663214
8,0.6286472,0.2936722777013121,0.64190984,0.34421493267190867
9,0.63448274,0.2884172462183854,0.6896552,0.2915549663634136
10,0.64190984,0.2844886356386645,0.66313,0.2845920904957015
11,0.6530504,0.28094211302954575,0.6923077,0.2759599870648877
12,0.65782493,0.27594747029501815,0.5835544,0.28237292273291226
13,0.66206896,0.27352904163557906,0.7188329,0.2975694115819602
14,0.67374,0.27157745196901517,0.7161804,0.2700436464671431
15,0.68700266,0.2682174729889837,0.6790451,0.2684025106758907
16,0.6822281,0.26403441932694666,0.6790451,0.2702172876432024
17,0.68435013,0.2635626877176351,0.7002652,0.2605139032520097
18,0.6806366,0.26126228560661446,0.66047746,0.26658465533420955
19,0.69814324,0.2574734201719021,0.66047746,0.2666392136236717
20,0.6960212,0.2564471746313161,0.73740053,0.2566682218477644
21,0.7161804,0.25203479240680565,0.71087533,0.2542095112389532
22,0.68859416,0.25506260991096497,0.7267904,0.24763605358271762
23,0.71034485,0.24922082023373965,0.7161804,0.247121619253323
24,0.7198939,0.2500081085953219,0.72944295,0.2490277701410754
25,0.71352786,0.2460591968791238,0.7453581,0.28023438412567664
26,0.7188329,0.24460492442394124,0.6551724,0.26979229881845673
27,0.728382,0.24043812340703505,0.65782493,0.26681065148320693
28,0.7363395,0.2376772478222847,0.76392573,0.2414870272422659
29,0.73899204,0.2366638861853501,0.7161804,0.24533670678220945
30,0.7363395,0.2356929447116523,0.72148544,0.25667006445342094
31,0.73687005,0.23217027475093974,0.7320955,0.24635107712499027
32,0.73687005,0.2308656750054195,0.71087533,0.2494214192546647
33,0.7464191,0.2305330721468761,0.7267904,0.23142517948972768
34,0.73740053,0.23175165170225603,0.76392573,0.23958291935509649
35,0.74482757,0.23126679807901382,0.7506631,0.2390418664134782
36,0.75278515,0.23247922473940355,0.7427056,0.241853767941738
37,0.7591512,0.22231667689208326,0.6710875,0.2856967110058357
38,0.75278515,0.2279274671755988,0.76657826,0.248500630773347
39,0.76551723,0.2208925343793014,0.7692308,0.2259811908006668
40,0.7506631,0.22476354539394378,0.65782493,0.2815430200305478
41,0.7501326,0.22669755518436432,0.7771883,0.22998357076069403
42,0.76551723,0.21722310550253968,0.7877984,0.22630209604213977
43,0.7750663,0.21483594790614885,0.76392573,0.2752395313361595
44,0.7692308,0.21589092232030013,0.76392573,0.23467206492506223
45,0.76339525,0.21699249991055192,0.7692308,0.24175987572505556
46,0.76657826,0.22098546274777117,0.74005306,0.23806528592931814
47,0.7734748,0.20978566279699062,0.68435013,0.2666026084073659
48,0.7766578,0.21329947972092136,0.7082228,0.2558772908202533
49,0.76657826,0.2130760087021466,0.79045093,0.22379543966260448
50,0.77771884,0.21299934536218643,0.67374,0.2593439149445501
51,0.7814324,0.20361050464983643,0.7771883,0.2176717008496153
52,0.7872679,0.20839709572750947,0.8037135,0.21930900473019171
53,0.7867374,0.20577003930149407,0.74005306,0.23771179878506168
54,0.7872679,0.20872590552116263,0.7586207,0.2232673150198213
55,0.7883289,0.19937608175236604,0.7453581,0.23033893159751234
56,0.7771883,0.2069877667673703,0.7320955,0.2342936435136302
57,0.79469496,0.20146413450611048,0.79045093,0.2350383133723818
58,0.79045093,0.20097882182433688,0.7612732,0.2351724806016889
59,0.79522544,0.19902151802490498,0.7692308,0.22467269953982583
60,0.7883289,0.20718467733983337,0.79045093,0.24649340941988188
61,0.80530506,0.19377491618024892,0.78249335,0.22248190384486627
62,0.7909814,0.20499639182255186,0.7718833,0.2393911820033501
63,0.7994695,0.20020488824309973,0.7984085,0.22855200387280564
64,0.80901855,0.19389404597981222,0.7055703,0.24758574495027805
65,0.79310346,0.20018105840888517,0.78249335,0.2277816724160622
66,0.7909814,0.19826692319635686,0.75596815,0.24020207108094774
67,0.8111406,0.19359262457181667,0.7427056,0.22538117550570388
68,0.7893899,0.19891719216930456,0.74801064,0.24584183353802253
69,0.7994695,0.20010482432513402,0.7984085,0.20550364975271554
70,0.78992045,0.19707887141868985,0.7718833,0.23392458003142785
71,0.80689657,0.18721093597083255,0.74801064,0.22697334042910872
72,0.802122,0.1956198965167177,0.79045093,0.2234620341453059
73,0.8,0.19152422018092255,0.76392573,0.2768739605772084
74,0.803183,0.19287946440022566,0.7533156,0.24939977095044893
75,0.8127321,0.18815241116901923,0.6657825,0.29185631203240364
76,0.7984085,0.19250411375843246,0.79045093,0.23351621473657674
77,0.80424404,0.1916276099353001,0.795756,0.20664597996349993
78,0.8132626,0.18625220764299918,0.77453583,0.23464500544400052
79,0.80742705,0.18961389547791974,0.7877984,0.2189693314761951
80,0.798939,0.18950663558368025,0.77453583,0.2281761215678577
81,0.81061006,0.19122862101628862,0.81697613,0.20598858286594524
82,0.80530506,0.19809564598675433,0.7506631,0.21513392133959408
83,0.8175066,0.18317159964092847,0.7851459,0.22859036896763177
84,0.8143236,0.1840639742027069,0.7718833,0.2383423008281609
85,0.8100796,0.1861536179637087,0.7771883,0.217243989993786
86,0.8206897,0.1822995200753212,0.75596815,0.23041720791109677
87,0.8143236,0.1835802215954353,0.77453583,0.2217043008783768
88,0.8249337,0.18054718822240828,0.72944295,0.23616148557128577
89,0.8175066,0.18190730126767324,0.79310346,0.22598632579219752
90,0.8265252,0.17705280123085812,0.75596815,0.23819429376002016
91,0.8206897,0.17319799497209745,0.78249335,0.23710868970073504
92,0.8143236,0.18495505092472866,0.7851459,0.24243422186580196
93,0.80265254,0.18866507500923912,0.806366,0.23971922747020064
94,0.82175064,0.18240821204822638,0.80901855,0.21369843493247853
95,0.803183,0.18956383456443918,0.72944295,0.24402965091425796
96,0.82175064,0.17937878031155158,0.7718833,0.22180692209251995
97,0.8116711,0.1831031983268672,0.71087533,0.2829455774405907
98,0.81856763,0.1808344928098136,0.795756,0.24646168536153332
99,0.8148541,0.179680873761917,0.7533156,0.23007128079389705
100,0.81697613,0.18146617371460488,0.77453583,0.22486660398285965
101,0.8265252,0.17626627866050293,0.76392573,0.22809974900607405
102,0.81697613,0.1803839573572422,0.76392573,0.23342461190347014
103,0.8265252,0.17390696781462636,0.75596815,0.23823979085889355
104,0.83183026,0.16994444445289414,0.76657826,0.22825326487935824
105,0.8137931,0.17985261457747426,0.79045093,0.2148609032918667
106,0.8238727,0.17518081521165782,0.7798408,0.2554562009614089
107,0.8190981,0.1734114231991357,0.7612732,0.2368659495279707
108,0.8302387,0.1690872878606977,0.7612732,0.2310798142490716
109,0.8254642,0.17038142532110215,0.7798408,0.2308717519044876
110,0.8381963,0.1650375850755593,0.7692308,0.22621240132841572
111,0.81697613,0.18364231149698126,0.78249335,0.2193179975809722
112,0.8254642,0.17590464189134794,0.79045093,0.20606381240589866
113,0.82440317,0.1748096039582943,0.7718833,0.23355638338574047
114,0.8233422,0.1716280416424932,0.7692308,0.23142045839079495
115,0.8254642,0.1710944169554217,0.8116711,0.19765700476950612
116,0.82122016,0.177145023232904,0.78249335,0.2275262297741298
117,0.8381963,0.16590699011395718,0.7798408,0.241500669769172
118,0.8254642,0.17797183579412,0.7851459,0.22072864709229306
119,0.8381963,0.16676404681699028,0.77453583,0.22570362173277755
120,0.83395225,0.16714681854535793,0.77453583,0.22317256547253708
121,0.83342177,0.16959417619068048,0.7798408,0.2166225247342011
122,0.8350133,0.16671395646087053,0.7506631,0.2295378497962294
123,0.8127321,0.17902666409981663,0.7771883,0.22252230140669593
124,0.8366048,0.17209832318897905,0.7798408,0.21696975236308985
125,0.8376658,0.16527262813058394,0.7771883,0.23052127864854088
126,0.8344827,0.1667846910912415,0.7851459,0.22735030640815868
127,0.8472149,0.16046129691189734,0.72944295,0.24938800468527036
128,0.8535809,0.15739644470399825,0.8037135,0.22059703387063126
129,0.8148541,0.16831049104702883,0.81697613,0.22934546450088764
130,0.84297085,0.16797445817240353,0.80106103,0.21493290493200565
131,0.8387268,0.1687138331090582,0.81697613,0.20810774251304823
132,0.82175064,0.1720045867921977,0.7506631,0.23214307144798083
133,0.8408488,0.16439765437409795,0.7798408,0.27268531186313466
134,0.8312997,0.16396376534268775,0.8037135,0.22476815689226676
135,0.8546419,0.164244761420735,0.7877984,0.2296469029167603
136,0.8376658,0.16559409152331023,0.795756,0.23031199517948875
137,0.8302387,0.17259908390456233,0.7586207,0.22752938650805374
138,0.8413793,0.16439080081623175,0.74801064,0.2445113735980001
139,0.84456235,0.15891544060974286,0.7851459,0.2330221567174484
140,0.8403183,0.16469999333393984,0.795756,0.23825119769778744
141,0.8435013,0.16360233264236615,0.81697613,0.22043625046980792
142,0.8392573,0.16518234335656823,0.7427056,0.23542002768352113
143,0.8408488,0.16465803502962506,0.7612732,0.22558773591600614
144,0.8535809,0.1553605876092253,0.78249335,0.22967642905383273
145,0.8397878,0.1581805693949091,0.79310346,0.20112403584965344
146,0.8381963,0.16439913518983743,0.79310346,0.2138233213075276
147,0.83236074,0.16121150591763958,0.7851459,0.21843485123124615
148,0.84509283,0.16261806539420423,0.78249335,0.21274456844247622
149,0.8498674,0.15300236698882333,0.82758623,0.2103428254867422
150,0.8403183,0.1567866544528254,0.80106103,0.22548052180429984
151,0.8366048,0.16580915836424664,0.7877984,0.2383004555414463
152,0.85729444,0.1526405943621849,0.77453583,0.22652110560186978
153,0.84774536,0.1606407206890912,0.7533156,0.23840527030928382
154,0.8535809,0.15228481595886165,0.7984085,0.2178132133237247
155,0.85092837,0.15951003869032038,0.7877984,0.23007635489620012
156,0.8519894,0.15195523744513248,0.73740053,0.2432032240362003
157,0.8594164,0.15405122789329495,0.8116711,0.2239157231203441
158,0.8413793,0.15741913423969828,0.79045093,0.23085803204569325
159,0.8366048,0.16842231845547412,0.7984085,0.2558541454631707
160,0.8413793,0.16101168879661068,0.795756,0.2379292912524322
161,0.8562334,0.15009183732086215,0.7877984,0.21836102240044494
162,0.8594164,0.15143108984519696,0.734748,0.2616089531059923
163,0.8503979,0.15657753410010503,0.7798408,0.2412692885203608
164,0.8514589,0.15502885600616192,0.79310346,0.23996858401545162
165,0.8456233,0.15220539469657274,0.80106103,0.22497753452124267
166,0.8562334,0.15292593099433802,0.795756,0.21240331823455877
167,0.8610079,0.14848246964915046,0.7771883,0.2205607035550578
168,0.85994697,0.15266633227082163,0.75596815,0.23845732160683336
169,0.85888594,0.14962479860104363,0.80901855,0.23363205456528172
170,0.85888594,0.14869339159079667,0.7984085,0.22850662726780463
171,0.8514589,0.1535041225367579,0.8116711,0.2397661147446468
172,0.8519894,0.15314395651221274,0.81697613,0.20541858095033416
173,0.84668434,0.15868765154275402,0.806366,0.21479590596823855
174,0.84509283,0.15594224685738828,0.7586207,0.3041399344801903
175,0.8625995,0.14780712685194508,0.7427056,0.23725729743982182
176,0.8657825,0.14379620439019697,0.78249335,0.22066763248936883
177,0.84456235,0.1586063034575561,0.7984085,0.25143821614569634
178,0.85092837,0.1518072919085108,0.7718833,0.22657650388006506
179,0.864191,0.14408002593393984,0.8143236,0.19330082653925337
180,0.8503979,0.14979315992316294,0.81962866,0.2069134278030231
181,0.8567639,0.14630046748909456,0.80106103,0.24395687980898495
182,0.85251987,0.14799658126872162,0.795756,0.24685730682364826
183,0.85251987,0.14436487331986428,0.7771883,0.2284596329876061
184,0.8397878,0.16631556509126877,0.80106103,0.22123509928070265
185,0.8567639,0.14876079235611292,0.7188329,0.2504063261480167
186,0.8498674,0.14744616430895083,0.7877984,0.204409033573907
187,0.85729444,0.15143164437392662,0.7771883,0.2341756662675019
188,0.85411143,0.14725147167156483,0.74801064,0.23283820933309093
189,0.8408488,0.15670246975175264,0.78249335,0.2590142221286379
190,0.8657825,0.1397975351276069,0.79045093,0.22683461215989342
191,0.8594164,0.1444340545555641,0.76392573,0.22700693252785453
192,0.85888594,0.14840161263428886,0.7984085,0.217739753296663
193,0.85994697,0.14652895549761838,0.79045093,0.22464051174706426
194,0.85729444,0.15060513700390685,0.7984085,0.23160576666223592
195,0.8530504,0.1463485648405963,0.8143236,0.21826610560047216
196,0.8578249,0.1440807324545137,0.8116711,0.21383063238242578
197,0.8668435,0.13894118963387506,0.76657826,0.24627297705617443
198,0.8567639,0.14845938423070415,0.7692308,0.2251810446895402
199,0.867374,0.14165184351390805,0.7851459,0.21590917403328008
0,0.5220159,0.3245891248357707,0.55437666,0.3114508852876466
1,0.5729443,0.31347740498082394,0.45888594,0.3240327362356515
2,0.6037135,0.3077301725231368,0.58090186,0.30382804469815616
3,0.597878,0.3040909036480147,0.51724136,0.3068641156985842
4,0.6164456,0.3005798508381021,0.48541114,0.31332667120571794
5,0.62970823,0.2974713146686554,0.5729443,0.29990711602671394
6,0.6403183,0.2900231129136579,0.6100796,0.2880473881959915
7,0.6477454,0.2901457239841593,0.6657825,0.3575632407747466
8,0.6376658,0.28858106999561706,0.6100796,0.28334669820193586
9,0.64827585,0.28543869883849704,0.6551724,0.4239166235101634
10,0.65782493,0.28216631525549396,0.6657825,0.2805164235419241
11,0.6525199,0.28220877667953226,0.63129973,0.2846172472526287
12,0.6557029,0.2784128238414896,0.5835544,0.28818966191390466
13,0.66100794,0.2766978095317709,0.6259947,0.2712549089357771
14,0.670557,0.2785033561032394,0.58090186,0.2936822037244665
15,0.6668435,0.2728925890963653,0.6710875,0.2849687712973562
16,0.67480105,0.2735431139839107,0.62068963,0.2778439316256293
17,0.69496024,0.2676180468551044,0.7161804,0.3015903465706727
18,0.6832891,0.2660015924223538,0.6976127,0.2715908520180604
19,0.67374,0.27235280521984756,0.70291775,0.26279486664410295
20,0.68912464,0.2662851056148266,0.6286472,0.27735227449186917
21,0.6721485,0.26661712311465163,0.66047746,0.2763839836778312
22,0.68859416,0.264703984507199,0.71352786,0.27043093278490266
23,0.6880637,0.26291172391381756,0.71352786,0.29031982761004876
24,0.6864722,0.26374144482201545,0.57824934,0.298108220614236
25,0.69814324,0.2662450242659141,0.6551724,0.2601539657033723
26,0.6933687,0.2633635705401158,0.6127321,0.28566671805135135
27,0.6896552,0.25613210160156774,0.7320955,0.2648028417907912
28,0.68700266,0.2597071092704247,0.70291775,0.26018714545101956
29,0.7018568,0.25980800544393473,0.57824934,0.3077233747161668
30,0.70079577,0.2561651530964621,0.73740053,0.2731037401947482
31,0.6912467,0.25896265696862647,0.6657825,0.2601547148720971
32,0.7076923,0.2566296528125631,0.68435013,0.2615808603064767
33,0.7114058,0.2524463295936584,0.7161804,0.2682350642722228
34,0.7145889,0.2485201430217973,0.6392573,0.27800641131812126
35,0.7129974,0.25036815312402,0.60477453,0.2789216313896508
36,0.7193634,0.2456442685990498,0.6790451,0.2589218965892134
37,0.7177719,0.24934986500904477,0.67639256,0.2587068733470193
38,0.7198939,0.2513777043285041,0.7267904,0.2505025740327506
39,0.7209549,0.244338907147276,0.7320955,0.2602789504774686
40,0.7209549,0.2460405892339246,0.71352786,0.23896850491392202
41,0.71193635,0.2488929818416464,0.63395226,0.269009185762241
42,0.7320955,0.24269043607958432,0.6710875,0.25647833224000605
43,0.7198939,0.241551107065431,0.59681696,0.2765416266589329
44,0.728382,0.24386545604672924,0.64190984,0.2751582532093443
45,0.73846155,0.24122424125671388,0.5994695,0.29195964336395264
46,0.74005306,0.24280093486966758,0.7055703,0.24417880819789295
47,0.7517241,0.2379155492988126,0.72944295,0.26241161545802805
48,0.74217504,0.24024619496074215,0.72944295,0.24483288207958484
49,0.71830237,0.24155668595741536,0.72944295,0.24563840673915271
50,0.74217504,0.23335213003487423,0.72148544,0.32755472999194574
51,0.72732097,0.24150604451524801,0.6896552,0.2436519013396625
52,0.74323606,0.2383113503969949,0.7161804,0.2489007344019824
53,0.73103446,0.23681459421741552,0.73740053,0.24041586549117647
54,0.74217504,0.23656952350304045,0.7453581,0.24246333051344443
55,0.74164456,0.23529503032051283,0.74801064,0.2503712922334671
56,0.75755966,0.22535872762573175,0.7586207,0.24057464507119408
57,0.7554377,0.23413213661004756,0.7612732,0.23512842223562044
58,0.7501326,0.2328301603424138,0.72944295,0.24023873847106408
59,0.76392573,0.2274901129048446,0.7612732,0.24139605000101286
60,0.7591512,0.23066046936758633,0.7427056,0.2477414525788406
61,0.75596815,0.22825269329136816,0.7320955,0.23993704981845002
62,0.7586207,0.2309145170039144,0.7506631,0.25012330762271223
63,0.76392573,0.23160031489257155,0.7267904,0.24254464281016383
64,0.75225466,0.23063401405153602,0.71352786,0.23785006229219766
65,0.76551723,0.22131377473987382,0.7320955,0.22528033754948912
66,0.7564987,0.22690489924159543,0.6923077,0.24714217848818879
67,0.7602122,0.2234165257421033,0.7002652,0.24698896192271133
68,0.7618037,0.22161182231944182,0.62068963,0.2809455281701581
69,0.7702918,0.22133980136493156,0.75596815,0.22836674929692827
70,0.7724138,0.21894822408413064,0.734748,0.23843156366512694
71,0.7692308,0.21953777557816997,0.77453583,0.24124673831051793
72,0.7676393,0.22424061241848717,0.7533156,0.26114772260189056
73,0.76710874,0.22003334354737708,0.68435013,0.23249925467474708
74,0.7740053,0.21983204535369216,0.7267904,0.23430596420477176
75,0.7798408,0.2193946557312176,0.63129973,0.26837276847198094
76,0.76710874,0.21911588706846896,0.7718833,0.2129076539442457
77,0.7708223,0.2184012500376537,0.7586207,0.2301691899011875
78,0.78090185,0.20956479326404373,0.6657825,0.2687999287555958
79,0.7867374,0.2105755641542632,0.72944295,0.23004931982221274
80,0.7750663,0.2214759590810743,0.7877984,0.22594543109680043
81,0.7888594,0.2089682119159863,0.75596815,0.22151452174474454
82,0.77771884,0.21017734079525388,0.7188329,0.24501088980970712
83,0.77931035,0.21098598452477618,0.72944295,0.23991282746709627
84,0.7750663,0.21402292251586913,0.6896552,0.2317364827312272
85,0.7909814,0.20871352568782608,0.71087533,0.22676993829422984
86,0.78037137,0.21267579403416864,0.6100796,0.3168068749123606
87,0.78090185,0.2100167779573079,0.77453583,0.2253272625906714
88,0.78249335,0.20889888657578107,0.7851459,0.2237861120495303
89,0.79204243,0.2090605072934052,0.7612732,0.22098697593499875
90,0.7830239,0.21015434902289817,0.7692308,0.2522283437950858
91,0.795756,0.20791259834478643,0.79310346,0.21477855613519406
92,0.7846154,0.20771922962418918,0.72944295,0.2234996657433181
93,0.7867374,0.21009559163759495,0.7851459,0.20833686662131343
94,0.7893899,0.2077474964076075,0.7082228,0.2469662304582267
95,0.7798408,0.2080825114558483,0.7427056,0.22445888611777076
96,0.78992045,0.2036402890908307,0.72148544,0.23174792733685723
97,0.7888594,0.20427433791859398,0.77453583,0.20607035016191416
98,0.7862069,0.2021161095849399,0.7188329,0.2635491413289103
99,0.79522544,0.2024771187839837,0.65782493,0.25403534287008744
100,0.8005305,0.20128219050580057,0.7320955,0.23164727050682593
101,0.8015915,0.19850359070917656,0.7586207,0.22127177386448302
102,0.79469496,0.19949105479593934,0.7533156,0.21832607635136309
103,0.7984085,0.20343019268636045,0.76657826,0.23995030208908277
104,0.80901855,0.19680658751006785,0.6896552,0.27477141829400226
105,0.79151195,0.1991036293578559,0.7586207,0.246996496771944
106,0.798939,0.19880380938793052,0.7771883,0.2163908114207202
107,0.80424404,0.19055302209895233,0.73740053,0.23303791238316174
108,0.7925729,0.20021842939072643,0.7427056,0.21428290831631627
109,0.80106103,0.19764485826780057,0.7533156,0.22355786325602695
110,0.79522544,0.19707002912102076,0.7506631,0.2181688421245279
111,0.8153846,0.19134114929314316,0.734748,0.21985643048738612
112,0.8100796,0.19464059256274124,0.6657825,0.2601093973579078
113,0.8132626,0.19292690604925156,0.7586207,0.21548709196263346
114,0.80424404,0.1947928578946097,0.7984085,0.24879892324579173
115,0.7909814,0.2021522048218497,0.77453583,0.23983026861116805
116,0.7984085,0.19271838675285208,0.76392573,0.2228802843340512
117,0.8127321,0.18983209968127054,0.7427056,0.23527887900327815
118,0.802122,0.19639078173144112,0.66047746,0.2523283565352703
119,0.80530506,0.19664041420509076,0.76392573,0.2158915038252699
120,0.80795753,0.1911065477235564,0.73740053,0.22777287662029266
121,0.80689657,0.191948652421606,0.7877984,0.22565715169084483
122,0.80689657,0.18963656569349355,0.734748,0.23741988529419078
123,0.8037135,0.18930191310315297,0.79045093,0.2626838771433666
124,0.8297082,0.18386645378737615,0.7586207,0.22592576875768858
125,0.81962866,0.18471524902972683,0.70291775,0.23488313165204278
126,0.80689657,0.19188472983138313,0.59416443,0.3161912241886402
127,0.8047745,0.19390200900620427,0.75596815,0.22742517292499542
128,0.8084881,0.19055449767359373,0.80901855,0.21676426201031126
129,0.80795753,0.19399838886898138,0.75596815,0.21183762134149156
130,0.7925729,0.19248059900670217,0.80901855,0.23691443328199716
131,0.80424404,0.18946645496220424,0.795756,0.22292721733964724
132,0.8175066,0.183897105167652,0.7002652,0.24375546338229342
133,0.8190981,0.18446074431312495,0.74801064,0.23234356348884516
134,0.8254642,0.1790193643549393,0.795756,0.2070933010043769
135,0.82758623,0.17834294705555356,0.7798408,0.22117288873113436
136,0.82440317,0.17903993725776673,0.76392573,0.2188992692992605
137,0.8122016,0.1927489897300457,0.7771883,0.26543815177062463
138,0.8127321,0.18885520917588267,0.80901855,0.21582731270584568
139,0.8190981,0.18075237438596528,0.7506631,0.2250362991772849
140,0.8238727,0.18084315400699089,0.7161804,0.24584069950827236
141,0.8254642,0.18204415394314405,0.7877984,0.20873826305414067
142,0.8153846,0.1889569203401434,0.7851459,0.23080509618438524
143,0.8344827,0.17168495691028135,0.7533156,0.21418918771990414
144,0.81697613,0.1864369198166091,0.7877984,0.22363679265153819
145,0.8328912,0.17557797832735653,0.6790451,0.25531825834307176
146,0.82440317,0.1838949288787513,0.7612732,0.21129412833472777
147,0.8397878,0.17199531598337767,0.72944295,0.23038805250463815
148,0.82015914,0.18129552952174482,0.76657826,0.22328777816788903
149,0.83183026,0.17512358093056185,0.7692308,0.22068100705229002
150,0.8376658,0.17584367255712377,0.78249335,0.20637246914978685
151,0.83183026,0.17566242629084095,0.8037135,0.21808948342142434
152,0.82015914,0.1802150966278438,0.7798408,0.22730754547078033
153,0.8148541,0.1831093632969363,0.6816976,0.26743065257524623
154,0.8419098,0.16903725281871598,0.74005306,0.2192243954230999
155,0.8259947,0.1792440709882769,0.80106103,0.22250866016437268
156,0.8265252,0.17888444754584082,0.66047746,0.2734971285380166
157,0.8312997,0.1696715867724912,0.7984085,0.22858587112920037
158,0.8281167,0.1727730750266848,0.76657826,0.21356616104985104
159,0.82281166,0.17618560076787554,0.78249335,0.24211069633220805
160,0.8350133,0.16819704385667011,0.73740053,0.245947092257697
161,0.82917774,0.1746851241023376,0.6551724,0.2771287342083865
162,0.8387268,0.1697630958310489,0.7055703,0.2691545617477647
163,0.83713526,0.1704577813374585,0.78249335,0.21191705223815194
164,0.8265252,0.17467502360713894,0.80106103,0.25725477522817153
165,0.82917774,0.17082195795815566,0.7427056,0.24568018137380995
166,0.83342177,0.17227418664200553,0.7427056,0.23789389547089052
167,0.82917774,0.17306586010702726,0.7718833,0.20460042819894594
168,0.8259947,0.17901589043181518,0.76392573,0.23275346617246495
169,0.8456233,0.1613581916381573,0.76392573,0.21571196166091952
170,0.8387268,0.1662451796233654,0.734748,0.248440091209165
171,0.8403183,0.175514510453775,0.7533156,0.21990498129663796
172,0.81803715,0.17956645308897412,0.7612732,0.22675846658390145
173,0.8254642,0.1697510849299102,0.77453583,0.2188783995807171
174,0.8440318,0.16414467530517743,0.79045093,0.21855435469027223
175,0.8419098,0.16752003423612694,0.7586207,0.22075484526054612
176,0.8435013,0.16522987484931945,0.7692308,0.23050209494500323
177,0.8387268,0.1622208349406719,0.78249335,0.23522161615305934
178,0.8270557,0.1779303677893918,0.72944295,0.22541817418974022
179,0.8392573,0.16249293376659524,0.7718833,0.2088395467606084
180,0.82758623,0.1703538890028822,0.7798408,0.22423722004068308
181,0.8254642,0.17114767534979458,0.7984085,0.23704305162717557
182,0.83713526,0.16526968941606324,0.79045093,0.22559250069075618
183,0.8328912,0.16866597021962035,0.78249335,0.2070461536019013
184,0.8302387,0.17256370551627256,0.79045093,0.20747359353920508
185,0.83395225,0.16058064740279626,0.7692308,0.21834376582811618
186,0.8435013,0.16821935816571632,0.77453583,0.2119494304060936
187,0.8435013,0.16420796236087537,0.7161804,0.2739995576698205
188,0.8503979,0.15567536521060713,0.78249335,0.20384420107664733
189,0.83076924,0.16841403384660852,0.7771883,0.25300090323234425
190,0.8419098,0.16166811629102149,0.79310346,0.22801951575895835
191,0.8419098,0.16173726289436735,0.80901855,0.1887953104130153
192,0.8610079,0.1501450028655858,0.795756,0.2404454810352161
193,0.8381963,0.17021571878215364,0.76657826,0.22611611773227824
194,0.8238727,0.17236342011340733,0.80901855,0.22265857278273024
195,0.8397878,0.16479485826245668,0.7851459,0.2269374743617814
196,0.8435013,0.16009389927674983,0.76657826,0.21042555210919217
197,0.83554375,0.16620089334660562,0.7453581,0.23715736511452445
198,0.8376658,0.16323226163613386,0.80106103,0.20682545854099865
199,0.85570294,0.15469265292430745,0.79045093,0.21374787107623858
